日期,加權指數收盤,近月合約,近月收盤,收盤價差,收盤價差(%),近月13:30價,13:30對齊價差,13:30對齊價差(%),次月合約,次月收盤,次月收盤價差
2024-10-01,22390.39,202410,22391,0.61,0.003,,,,202411,22404,13.61
2024-10-04,22302.71,202410,22284,-18.71,-0.084,,,,202411,22305,2.29
2024-10-07,22702.56,202410,22779,76.44,0.337,,,,202411,22799,96.44
2024-10-08,22611.39,202410,22575,-36.39,-0.161,,,,202411,22618,6.61
2024-10-09,22659.08,202410,22702,42.92,0.189,,,,202411,22735,75.92
2024-10-11,22901.64,202410,22912,10.36,0.045,,,,202411,22962,60.36
2024-10-14,22975.29,202410,23008,32.71,0.142,,,,202411,23073,97.71
2024-10-15,23292.04,202410,23225,-67.04,-0.288,,,,202411,23285,-7.04
2024-10-16,23010.98,202411,23063,52.02,0.226,,,,202412,23082,71.02
2024-10-17,23053.84,202411,23256,202.16,0.877,,,,202412,23282,228.16
2024-10-18,23487.27,202411,23657,169.73,0.723,,,,202412,23678,190.73
2024-10-21,23542.53,202411,23567,24.47,0.104,,,,202412,23590,47.47
2024-10-22,23535.43,202411,23633,97.57,0.415,,,,202412,23655,119.57
2024-10-23,23334.76,202411,23406,71.24,0.305,,,,202412,23429,94.24
2024-10-24,23192.52,202411,23304,111.48,0.481,,,,202412,23325,132.48
2024-10-25,23348.45,202411,23481,132.55,0.568,,,,202412,23500,151.55
2024-10-28,23198.07,202411,23326,127.93,0.551,,,,202412,23346,147.93
2024-10-29,22926.59,202411,22976,49.41,0.216,,,,202412,22994,67.41
2024-10-30,22820.43,202411,22904,83.57,0.366,,,,202412,22919,98.57
2024-11-01,22780.08,202411,22753,-27.08,-0.119,,,,202412,22800,19.92
2024-11-04,22965.39,202411,23041,75.61,0.329,,,,202412,23039,73.61
2024-11-05,23106.79,202411,23135,28.21,0.122,,,,202412,23142,35.21
2024-11-06,23217.38,202411,23324,106.62,0.459,,,,202412,23336,118.62
2024-11-07,23408.82,202411,23532,123.18,0.526,,,,202412,23545,136.18
2024-11-08,23553.89,202411,23781,227.11,0.964,,,,202412,23790,236.11
2024-11-11,23529.64,202411,23573,43.36,0.184,,,,202412,23587,57.36
2024-11-12,22981.77,202411,22869,-112.77,-0.491,,,,202412,22892,-89.77
2024-11-13,22860.23,202411,22783,-77.23,-0.338,,,,202412,22802,-58.23
2024-11-14,22715.38,202411,22684,-31.38,-0.138,,,,202412,22704,-11.38
2024-11-15,22742.77,202411,22759,16.23,0.071,,,,202412,22787,44.23
2024-11-18,22546.54,202411,22574,27.46,0.122,,,,202412,22611,64.46
2024-11-19,22848.8,202411,22850,1.2,0.005,,,,202412,22894,45.2
2024-11-20,22688.36,202412,22773,84.64,0.373,,,,202501,22828,139.64
2024-11-21,22555.66,202412,22573,17.34,0.077,,,,202501,22607,51.34
2024-11-22,22904.32,202412,23038,133.68,0.584,,,,202501,23062,157.68
2024-11-25,22948.37,202412,23066,117.63,0.513,,,,202501,23092,143.63
2024-11-26,22678.76,202412,22636,-42.76,-0.189,,,,202501,22671,-7.76
2024-11-27,22334.78,202412,22347,12.22,0.055,,,,202501,22380,45.22
2024-11-28,22298.9,202412,22337,38.1,0.171,,,,202501,22363,64.1
2024-11-29,22262.5,202412,22313,50.5,0.227,,,,202501,22337,74.5
2024-12-02,22736.93,202412,22827,90.07,0.396,,,,202501,22852,115.07
2024-12-03,23027.46,202412,23112,84.54,0.367,,,,202501,23142,114.54
2024-12-04,23255.33,202412,23294,38.67,0.166,,,,202501,23322,66.67
2024-12-05,23267.94,202412,23251,-16.94,-0.073,,,,202501,23294,26.06
2024-12-06,23193.27,202412,23179,-14.27,-0.062,,,,202501,23221,27.73
2024-12-09,23273.25,202412,23249,-24.25,-0.104,,,,202501,23296,22.75
2024-12-10,23125.08,202412,23090,-35.08,-0.152,,,,202501,23128,2.92
2024-12-11,22903.63,202412,22848,-55.63,-0.243,,,,202501,22899,-4.63
2024-12-12,23046.8,202412,23107,60.2,0.261,,,,202501,23160,113.2
2024-12-13,23020.48,202412,22986,-34.48,-0.15,,,,202501,23034,13.52
2024-12-16,23039.9,202412,22961,-78.9,-0.342,,,,202501,23007,-32.9
2024-12-17,23018.01,202412,23031,12.99,0.056,,,,202501,23095,76.99
2024-12-18,23168.67,202501,23183,14.33,0.062,,,,202502,23221,52.33
2024-12-19,22932.25,202501,22849,-83.25,-0.363,,,,202502,22886,-46.25
2024-12-20,22510.25,202501,22635,124.75,0.554,,,,202502,22682,171.75
2024-12-23,23104.54,202501,23242,137.46,0.595,,,,202502,23280,175.46
2024-12-24,23120.24,202501,23216,95.76,0.414,,,,202502,23260,139.76
2024-12-25,23220.13,202501,23329,108.87,0.469,,,,202502,23375,154.87
2024-12-26,23246.94,202501,23326,79.06,0.34,,,,202502,23380,133.06
2024-12-27,23275.68,202501,23372,96.32,0.414,,,,202502,23428,152.32
2024-12-30,23190.2,202501,23177,-13.2,-0.057,,,,202502,23228,37.8
2024-12-31,23035.1,202501,23041,5.9,0.026,,,,202502,23107,71.9
2025-01-02,22832.06,202501,22842,9.94,0.044,,,,202502,22906,73.94
2025-01-03,22908.3,202501,22977,68.7,0.3,,,,202502,23045,136.7
2025-01-06,23547.71,202501,23609,61.29,0.26,,,,202502,23670,122.29
2025-01-07,23651.27,202501,23752,100.73,0.426,,,,202502,23814,162.73
2025-01-08,23407.33,202501,23450,42.67,0.182,,,,202502,23516,108.67
2025-01-09,23081.13,202501,23105,23.87,0.103,,,,202502,23170,88.87
2025-01-10,23011.86,202501,23049,37.14,0.161,,,,202502,23124,112.14
2025-01-13,22488.33,202501,22535,46.67,0.208,,,,202502,22619,130.67
2025-01-14,22797.52,202501,22750,-47.52,-0.208,,,,202502,22816,18.48
2025-01-15,22514.57,202502,22512,-2.57,-0.011,,,,202503,22570,55.43
2025-01-16,23025.1,202502,23031,5.9,0.026,,,,202503,23082,56.9
2025-01-17,23148.08,202502,23190,41.92,0.181,,,,202503,23228,79.92
2025-01-20,23266.82,202502,23346,79.18,0.34,,,,202503,23360,93.18
2025-01-21,23300.01,202502,23365,64.99,0.279,,,,202503,23375,74.99
2025-01-22,23525.41,202502,23698,172.59,0.734,,,,202503,23723,197.59
2025-02-03,22694.71,202502,22598,-96.71,-0.426,,,,202503,22616,-78.71
2025-02-04,22793.96,202502,22822,28.04,0.123,,,,202503,22857,63.04
2025-02-05,23161.58,202502,23133,-28.58,-0.123,,,,202503,23165,3.42
2025-02-06,23316.6,202502,23290,-26.6,-0.114,,,,202503,23324,7.4
2025-02-07,23478.27,202502,23431,-47.27,-0.201,,,,202503,23454,-24.27
2025-02-10,23252.14,202502,23246,-6.14,-0.026,,,,202503,23260,7.86
2025-02-11,23384.05,202502,23335,-49.05,-0.21,,,,202503,23360,-24.05
2025-02-12,23289.75,202502,23315,25.25,0.108,,,,202503,23336,46.25
2025-02-13,23399.41,202502,23399,-0.41,-0.002,,,,202503,23425,25.59
2025-02-14,23152.61,202502,23179,26.39,0.114,,,,202503,23203,50.39
2025-02-17,23505.33,202502,23504,-1.33,-0.006,,,,202503,23521,15.67
2025-02-18,23666.11,202502,23649,-17.11,-0.072,,,,202503,23652,-14.11
2025-02-19,23604.08,202503,23609,4.92,0.021,,,,202504,23625,20.92
2025-02-20,23487.46,202503,23538,50.54,0.215,,,,202504,23553,65.54
2025-02-21,23730.25,202503,23745,14.75,0.062,,,,202504,23761,30.75
2025-02-24,23565.31,202503,23558,-7.31,-0.031,,,,202504,23581,15.69
2025-02-25,23285.72,202503,23299,13.28,0.057,,,,202504,23314,28.28
2025-02-26,23402.55,202503,23421,18.45,0.079,,,,202504,23442,39.45
2025-02-27,23053.18,202503,23196,142.82,0.62,,,,202504,23214,160.82
2025-03-03,22756.25,202503,22718,-38.25,-0.168,,,,202504,22746,-10.25
2025-03-04,22596.88,202503,22588,-8.88,-0.039,,,,202504,22608,11.12
2025-03-05,22871.9,202503,22888,16.1,0.07,,,,202504,22915,43.1
2025-03-06,22715.43,202503,22763,47.57,0.209,,,,202504,22765,49.57
2025-03-07,22576.07,202503,22520,-56.07,-0.248,,,,202504,22522,-54.07
2025-03-10,22459.15,202503,22446,-13.15,-0.059,,,,202504,22450,-9.15
2025-03-11,22071.09,202503,22031,-40.09,-0.182,,,,202504,22030,-41.09
2025-03-12,22278.36,202503,22232,-46.36,-0.208,,,,202504,22225,-53.36
2025-03-13,21961.68,202503,21920,-41.68,-0.19,,,,202504,21913,-48.68
2025-03-14,21968.05,202503,21961,-7.05,-0.032,,,,202504,21953,-15.05
2025-03-17,22118.63,202503,22158,39.37,0.178,,,,202504,22156,37.37
2025-03-18,22271.67,202503,22230,-41.67,-0.187,,,,202504,22259,-12.67
2025-03-19,21960.83,202504,22034,73.17,0.333,,,,202505,22064,103.17
2025-03-20,22377.26,202504,22365,-12.26,-0.055,,,,202505,22384,6.74
2025-03-21,22209.1,202504,22177,-32.1,-0.145,,,,202505,22201,-8.1
2025-03-24,22106.64,202504,22160,53.36,0.241,,,,202505,22170,63.36
2025-03-25,22273.19,202504,22298,24.81,0.111,,,,202505,22323,49.81
2025-03-26,22260.29,202504,22305,44.71,0.201,,,,202505,22330,69.71
2025-03-27,21951.76,202504,21968,16.24,0.074,,,,202505,21998,46.24
2025-03-28,21602.89,202504,21603,0.11,0.001,,,,202505,21625,22.11
2025-03-31,20695.9,202504,20769,73.1,0.353,,,,202505,20796,100.1
2025-04-01,21280.17,202504,21181,-99.17,-0.466,,,,202505,21195,-85.17
2025-04-02,21298.22,202504,21304,5.78,0.027,,,,202505,21321,22.78
2025-04-07,19232.35,202504,19167,-65.35,-0.34,,,,202505,19187,-45.35
2025-04-08,18459.95,202504,18190,-269.95,-1.462,,,,202505,18178,-281.95
2025-04-09,17391.76,202504,17204,-187.76,-1.08,,,,202505,17202,-189.76
2025-04-10,19000.03,202504,18902,-98.03,-0.516,,,,202505,18899,-101.03
2025-04-11,19528.77,202504,19524,-4.77,-0.024,,,,202505,19511,-17.77
2025-04-14,19513.09,202504,19491,-22.09,-0.113,,,,202505,19471,-42.09
2025-04-15,19857.67,202504,19798,-59.67,-0.3,,,,202505,19779,-78.67
2025-04-16,19468,202505,19353,-115,-0.591,,,,202506,19295,-173
2025-04-17,19338.73,202505,19369,30.27,0.157,,,,202506,19315,-23.73
2025-04-18,19395.03,202505,19330,-65.03,-0.335,,,,202506,19278,-117.03
2025-04-21,19106.2,202505,19099,-7.2,-0.038,,,,202506,19046,-60.2
2025-04-22,18793.43,202505,18797,3.57,0.019,,,,202506,18745,-48.43
2025-04-23,19639.14,202505,19554,-85.14,-0.434,,,,202506,19473,-166.14
2025-04-24,19478.81,202505,19466,-12.81,-0.066,,,,202506,19385,-93.81
2025-04-25,19872.73,202505,19873,0.27,0.001,,,,202506,19795,-77.73
2025-04-28,20034.41,202505,19965,-69.41,-0.346,,,,202506,19886,-148.41
2025-04-29,20232.63,202505,20154,-78.63,-0.389,,,,202506,20078,-154.63
2025-04-30,20235.03,202505,20149,-86.03,-0.425,,,,202506,20075,-160.03
2025-05-02,20787.64,202505,20677,-110.64,-0.532,,,,202506,20583,-204.64
2025-05-05,20532.99,202505,20404,-128.99,-0.628,,,,202506,20295,-237.99
2025-05-06,20522.59,202505,20337,-185.59,-0.904,,,,202506,20206,-316.59
2025-05-07,20546.49,202505,20381,-165.49,-0.805,,,,202506,20229,-317.49
2025-05-08,20543.4,202505,20575,31.6,0.154,,,,202506,20425,-118.4
2025-05-09,20915.04,202505,20848,-67.04,-0.321,,,,202506,20702,-213.04
2025-05-12,21129.54,202505,21066,-63.54,-0.301,,,,202506,20918,-211.54
2025-05-13,21330.14,202505,21360,29.86,0.14,,,,202506,21201,-129.14
2025-05-14,21782.87,202505,21768,-14.87,-0.068,,,,202506,21628,-154.87
2025-05-15,21730.25,202505,21694,-36.25,-0.167,,,,202506,21563,-167.25
2025-05-16,21843.69,202505,21821,-22.69,-0.104,,,,202506,21695,-148.69
2025-05-19,21523.83,202505,21538,14.17,0.066,,,,202506,21441,-82.83
2025-05-20,21526.03,202505,21539,12.97,0.06,,,,202506,21451,-75.03
2025-05-21,21803.91,202506,21672,-131.91,-0.605,,,,202507,21380,-423.91
2025-05-22,21670.96,202506,21503,-167.96,-0.775,,,,202507,21220,-450.96
2025-05-23,21652.24,202506,21470,-182.24,-0.842,,,,202507,21185,-467.24
2025-05-26,21536.57,202506,21385,-151.57,-0.704,,,,202507,21070,-466.57
2025-05-27,21336.54,202506,21233,-103.54,-0.485,,,,202507,20922,-414.54
2025-05-28,21357.72,202506,21252,-105.72,-0.495,,,,202507,20945,-412.72
2025-05-29,21347.3,202506,21320,-27.3,-0.128,,,,202507,21013,-334.3
2025-06-02,21002.71,202506,20866,-136.71,-0.651,,,,202507,20578,-424.71
2025-06-03,21126.93,202506,20971,-155.93,-0.738,,,,202507,20685,-441.93
2025-06-04,21618.09,202506,21482,-136.09,-0.63,,,,202507,21191,-427.09
2025-06-05,21674.43,202506,21553,-121.43,-0.56,,,,202507,21260,-414.43
2025-06-06,21660.66,202506,21578,-82.66,-0.382,,,,202507,21281,-379.66
2025-06-09,21790.29,202506,21727,-63.29,-0.29,,,,202507,21438,-352.29
2025-06-10,22242.14,202506,22113,-129.14,-0.581,,,,202507,21826,-416.14
2025-06-11,22470.1,202506,22351,-119.1,-0.53,,,,202507,22071,-399.1
2025-06-12,22287.82,202506,22252,-35.82,-0.161,,,,202507,21955,-332.82
2025-06-13,22072.95,202506,21940,-132.95,-0.602,,,,202507,21609,-463.95
2025-06-16,22049.9,202506,22032,-17.9,-0.081,,,,202507,21686,-363.9
2025-06-17,22211.59,202506,22159,-52.59,-0.237,,,,202507,21784,-427.59
2025-06-18,22356.73,202507,21930,-426.73,-1.909,,,,202508,21756,-600.73
2025-06-19,22003.5,202507,21704,-299.5,-1.361,,,,202508,21548,-455.5
2025-06-20,22045.74,202507,21653,-392.74,-1.781,,,,202508,21515,-530.74
2025-06-23,21732.02,202507,21473,-259.02,-1.192,,,,202508,21333,-399.02
2025-06-24,22188.76,202507,21959,-229.76,-1.035,,,,202508,21815,-373.76
2025-06-25,22430.61,202507,22159,-271.61,-1.211,,,,202508,22006,-424.61
2025-06-26,22492.34,202507,22117,-375.34,-1.669,,,,202508,21942,-550.34
2025-06-27,22580.08,202507,22121,-459.08,-2.033,,,,202508,21948,-632.08
2025-06-30,22256.02,202507,22145,-111.02,-0.499,,,,202508,21967,-289.02
2025-07-01,22553.72,202507,22353,-200.72,-0.89,,,,202508,22174,-379.72
2025-07-02,22577.74,202507,22396,-181.74,-0.805,,,,202508,22220,-357.74
2025-07-03,22712.97,202507,22675,-37.97,-0.167,,,,202508,22506,-206.97
2025-07-04,22547.5,202507,22435,-112.5,-0.499,,,,202508,22268,-279.5
2025-07-07,22428.72,202507,22336,-92.72,-0.413,,,,202508,22166,-262.72
2025-07-08,22362.27,202507,22251,-111.27,-0.498,,,,202508,22083,-279.27
2025-07-09,22527.01,202507,22434,-93.01,-0.413,,,,202508,22266,-261.01
2025-07-10,22693.25,202507,22611,-82.25,-0.362,,,,202508,22430,-263.25
2025-07-11,22751.03,202507,22764,12.97,0.057,,,,202508,22578,-173.03
2025-07-14,22614.97,202507,22551,-63.97,-0.283,,,,202508,22396,-218.97
2025-07-15,22835.94,202507,22810,-25.94,-0.114,,,,202508,22675,-160.94
2025-07-16,23042.9,202508,22920,-122.9,-0.533,,,,202509,22820,-222.9
2025-07-17,23113.28,202508,23148,34.72,0.15,,,,202509,23051,-62.28
2025-07-18,23383.13,202508,23262,-121.13,-0.518,,,,202509,23179,-204.13
2025-07-21,23340.56,202508,23228,-112.56,-0.482,,,,202509,23163,-177.56
2025-07-22,22987.92,202508,22990,2.08,0.009,,,,202509,22943,-44.92
2025-07-23,23318.67,202508,23186,-132.67,-0.569,,,,202509,23122,-196.67
2025-07-24,23373.73,202508,23310,-63.73,-0.273,,,,202509,23226,-147.73
2025-07-25,23364.38,202508,23238,-126.38,-0.541,,,,202509,23152,-212.38
2025-07-28,23412.98,202508,23392,-20.98,-0.09,,,,202509,23308,-104.98
2025-07-29,23201.52,202508,23163,-38.52,-0.166,,,,202509,23085,-116.52
2025-07-30,23461.72,202508,23361,-100.72,-0.429,,,,202509,23299,-162.72
2025-07-31,23542.52,202508,23589,46.48,0.197,,,,202509,23540,-2.52
2025-08-01,23434.38,202508,23344,-90.38,-0.386,,,,202509,23272,-162.38
2025-08-04,23378.94,202508,23260,-118.94,-0.509,,,,202509,23172,-206.94
2025-08-05,23660.59,202508,23575,-85.59,-0.362,,,,202509,23494,-166.59
2025-08-06,23447.36,202508,23425,-22.36,-0.095,,,,202509,23355,-92.36
2025-08-07,24003.77,202508,23997,-6.77,-0.028,,,,202509,23910,-93.77
2025-08-08,24021.26,202508,23949,-72.26,-0.301,,,,202509,23873,-148.26
2025-08-11,24135.5,202508,24162,26.5,0.11,,,,202509,24088,-47.5
2025-08-12,24158.36,202508,24135,-23.36,-0.097,,,,202509,24066,-92.36
2025-08-13,24370.02,202508,24347,-23.02,-0.094,,,,202509,24277,-93.02
2025-08-14,24238.1,202508,24250,11.9,0.049,,,,202509,24191,-47.1
2025-08-15,24334.48,202508,24312,-22.48,-0.092,,,,202509,24289,-45.48
2025-08-18,24482.52,202508,24426,-56.52,-0.231,,,,202509,24399,-83.52
2025-08-19,24353.5,202508,24342,-11.5,-0.047,,,,202509,24284,-69.5
2025-08-20,23625.44,202509,23667,41.56,0.176,,,,202510,23652,26.56
2025-08-21,23962.13,202509,23852,-110.13,-0.46,,,,202510,23830,-132.13
2025-08-22,23764.47,202509,23750,-14.47,-0.061,,,,202510,23743,-21.47
2025-08-25,24277.38,202509,24251,-26.38,-0.109,,,,202510,24240,-37.38
2025-08-26,24305.1,202509,24253,-52.1,-0.214,,,,202510,24250,-55.1
2025-08-27,24519.9,202509,24463,-56.9,-0.232,,,,202510,24459,-60.9
2025-08-28,24236.45,202509,24228,-8.45,-0.035,,,,202510,24228,-8.45
2025-08-29,24233.1,202509,24267,33.9,0.14,,,,202510,24260,26.9
2025-09-01,24071.73,202509,24008,-63.73,-0.265,,,,202510,24016,-55.73
2025-09-02,24016.78,202509,23965,-51.78,-0.216,,,,202510,23966,-50.78
2025-09-03,24100.3,202509,23997,-103.3,-0.429,,,,202510,24000,-100.3
2025-09-04,24179.85,202509,24132,-47.85,-0.198,,,,202510,24129,-50.85
2025-09-05,24494.58,202509,24419,-75.58,-0.309,,,,202510,24412,-82.58
2025-09-08,24547.38,202509,24551,3.62,0.015,,,,202510,24543,-4.38
2025-09-09,24855.18,202509,24802,-53.18,-0.214,,,,202510,24788,-67.18
2025-09-10,25192.59,202509,25178,-14.59,-0.058,,,,202510,25148,-44.59
2025-09-11,25215.71,202509,25240,24.29,0.096,,,,202510,25226,10.29
2025-09-12,25474.64,202509,25459,-15.64,-0.061,,,,202510,25475,0.36
2025-09-15,25357.16,202509,25353,-4.16,-0.016,,,,202510,25361,3.84
2025-09-16,25629.64,202509,25629,-0.64,-0.002,,,,202510,25639,9.36
2025-09-17,25438.25,202510,25470,31.75,0.125,,,,202511,25473,34.75
2025-09-18,25769.36,202510,25709,-60.36,-0.234,,,,202511,25706,-63.36
2025-09-19,25578.37,202510,25671,92.63,0.362,,,,202511,25673,94.63
2025-09-22,25880.6,202510,25891,10.4,0.04,,,,202511,25892,11.4
2025-09-23,26247.37,202510,26273,25.63,0.098,,,,202511,26272,24.63
2025-09-24,26196.73,202510,26237,40.27,0.154,,,,202511,26245,48.27
2025-09-25,26023.85,202510,26097,73.15,0.281,,,,202511,26111,87.15
2025-09-26,25580.32,202510,25669,88.68,0.347,,,,202511,25695,114.68
2025-09-30,25820.54,202510,25954,133.46,0.517,,,,202511,25968,147.46
2025-10-01,25982.91,202510,26045,62.09,0.239,,,,202511,26061,78.09
2025-10-02,26378.39,202510,26431,52.61,0.199,,,,202511,26444,65.61
2025-10-03,26761.06,202510,26745,-16.06,-0.06,,,,202511,26760,-1.06
2025-10-07,27211.95,202510,27322,110.05,0.404,,,,202511,27345,133.05
2025-10-08,27063.68,202510,27093,29.32,0.108,,,,202511,27133,69.32
2025-10-09,27301.92,202510,27335,33.08,0.121,,,,202511,27381,79.08
2025-10-13,26923.42,202510,26904,-19.42,-0.072,,,,202511,26958,34.58
2025-10-14,26793.15,202510,26718,-75.15,-0.28,,,,202511,26765,-28.15
2025-10-15,27275.71,202511,27288,12.29,0.045,,,,202512,27291,15.29
2025-10-16,27647.87,202511,27822,174.13,0.63,,,,202512,27801,153.13
2025-10-17,27302.37,202511,27328,25.63,0.094,,,,202512,27338,35.63
2025-10-20,27688.63,202511,27783,94.37,0.341,,,,202512,27780,91.37
2025-10-21,27752.41,202511,27833,80.59,0.29,,,,202512,27839,86.59
2025-10-22,27648.91,202511,27704,55.09,0.199,,,,202512,27708,59.09
2025-10-23,27532.26,202511,27556,23.74,0.086,,,,202512,27559,26.74
2025-10-27,27993.63,202511,28225,231.37,0.827,,,,202512,28228,234.37
2025-10-28,27949.11,202511,28002,52.89,0.189,,,,202512,28007,57.89
2025-10-29,28294.74,202511,28412,117.26,0.414,,,,202512,28419,124.26
2025-10-30,28287.53,202511,28398,110.47,0.391,,,,202512,28402,114.47
2025-10-31,28233.35,202511,28431,197.65,0.7,,,,202512,28444,210.65
2025-11-03,28334.59,202511,28340,5.41,0.019,,,,202512,28357,22.41
2025-11-04,28116.56,202511,28117,0.44,0.002,,,,202512,28141,24.44
2025-11-05,27717.06,202511,27805,87.94,0.317,,,,202512,27826,108.94
2025-11-06,27899.45,202511,28034,134.55,0.482,,,,202512,28051,151.55
2025-11-07,27651.41,202511,27730,78.59,0.284,,,,202512,27750,98.59
2025-11-10,27869.51,202511,28016,146.49,0.526,,,,202512,28035,165.49
2025-11-11,27784.95,202511,27780,-4.95,-0.018,,,,202512,27791,6.05
2025-11-12,27947.09,202511,28054,106.91,0.383,,,,202512,28055,107.91
2025-11-13,27903.56,202511,27980,76.44,0.274,,,,202512,27988,84.44
2025-11-14,27397.5,202511,27401,3.5,0.013,,,,202512,27433,35.5
2025-11-17,27447.31,202511,27479,31.69,0.115,,,,202512,27441,-6.31
2025-11-18,26756.12,202511,26805,48.88,0.183,,,,202512,26805,48.88
2025-11-19,26580.12,202512,26595,14.88,0.056,,,,202601,26633,52.88
2025-11-20,27426.36,202512,27482,55.64,0.203,,,,202601,27508,81.64
2025-11-21,26434.94,202512,26486,51.06,0.193,,,,202601,26507,72.06
2025-11-24,26504.24,202512,26615,110.76,0.418,,,,202601,26634,129.76
2025-11-25,26912.17,202512,26933,20.83,0.077,,,,202601,26951,38.83
2025-11-26,27409.54,202512,27329,-80.54,-0.294,,,,202601,27339,-70.54
2025-11-27,27554.53,202512,27583,28.47,0.103,,,,202601,27592,37.47
2025-11-28,27626.48,202512,27744,117.52,0.425,,,,202601,27754,127.52
2025-12-01,27342.53,202512,27404,61.47,0.225,,,,202601,27425,82.47
2025-12-02,27564.27,202512,27561,-3.27,-0.012,,,,202601,27584,19.73
2025-12-03,27793.04,202512,27758,-35.04,-0.126,,,,202601,27795,1.96
2025-12-04,27795.71,202512,27799,3.29,0.012,,,,202601,27828,32.29
2025-12-05,27980.89,202512,28016,35.11,0.125,,,,202601,28048,67.11
2025-12-08,28303.78,202512,28286,-17.78,-0.063,,,,202601,28313,9.22
2025-12-09,28182.6,202512,28220,37.4,0.133,,,,202601,28255,72.4
2025-12-10,28400.73,202512,28398,-2.73,-0.01,,,,202601,28430,29.27
2025-12-11,28024.75,202512,28110,85.25,0.304,,,,202601,28146,121.25
2025-12-12,28198.02,202512,28292,93.98,0.333,,,,202601,28344,145.98
2025-12-15,27866.94,202512,27907,40.06,0.144,,,,202601,28004,137.06
2025-12-16,27536.66,202512,27624,87.34,0.317,,,,202601,27713,176.34
2025-12-17,27525.17,202601,27692,166.83,0.606,,,,202602,27763,237.83
2025-12-18,27468.53,202601,27591,122.47,0.446,,,,202602,27663,194.47
2025-12-19,27696.35,202601,27894,197.65,0.714,,,,202602,27954,257.65
2025-12-22,28149.64,202601,28341,191.36,0.68,,,,202602,28403,253.36
2025-12-23,28310.47,202601,28413,102.53,0.362,,,,202602,28486,175.53
2025-12-24,28371.98,202601,28472,100.02,0.353,,,,202602,28544,172.02
2025-12-26,28556.02,202601,28673,116.98,0.41,,,,202602,28744,187.98
2025-12-29,28810.89,202601,28950,139.11,0.483,,,,202602,29020,209.11
2025-12-30,28707.13,202601,28881,173.87,0.606,,,,202602,28953,245.87
2025-12-31,28963.6,202601,29016,52.4,0.181,,,,202602,29100,136.4
2026-01-02,29349.81,202601,29473,123.19,0.42,,,,202602,29554,204.19
2026-01-05,30105.04,202601,30313,207.96,0.691,,,,202602,30410,304.96
2026-01-06,30576.3,202601,30617,40.7,0.133,,,,202602,30730,153.7
2026-01-07,30435.47,202601,30516,80.53,0.265,,,,202602,30640,204.53
2026-01-08,30360.55,202601,30458,97.45,0.321,,,,202602,30572,211.45
2026-01-09,30288.96,202601,30456,167.04,0.551,,,,202602,30562,273.04
2026-01-12,30567.29,202601,30701,133.71,0.437,,,,202602,30821,253.71
2026-01-13,30707.22,202601,30874,166.78,0.543,,,,202602,30993,285.78
2026-01-14,30941.78,202601,30982,40.22,0.13,,,,202602,31106,164.22
2026-01-15,30810.58,202601,31050,239.42,0.777,,,,202602,31127,316.42
2026-01-16,31408.7,202601,31474,65.3,0.208,,,,202602,31568,159.3
2026-01-19,31639.29,202601,31669,29.71,0.094,,,,202602,31786,146.71
2026-01-20,31759.99,202601,31672,-87.99,-0.277,,,,202602,31800,40.01
2026-01-21,31246.37,202602,31484,237.63,0.761,,,,202603,31526,279.63
2026-01-22,31746.08,202602,31857,110.92,0.349,,,,202603,31910,163.92
2026-01-23,31961.51,202602,32153,191.49,0.599,,,,202603,32203,241.49
2026-01-26,32064.52,202602,32144,79.48,0.248,,,,202603,32181,116.48
2026-01-27,32317.92,202602,32509,191.08,0.591,,,,202603,32530,212.08
2026-01-28,32803.82,202602,32927,123.18,0.376,,,,202603,32957,153.18
2026-01-29,32536.27,202602,32777,240.73,0.74,,,,202603,32811,274.73
2026-01-30,32063.75,202602,32247,183.25,0.572,,,,202603,32298,234.25
2026-02-02,31624.03,202602,31610,-14.03,-0.044,,,,202603,31655,30.97
2026-02-03,32195.36,202602,32261,65.64,0.204,,,,202603,32320,124.64
2026-02-04,32289.81,202602,32423,133.19,0.412,,,,202603,32455,165.19
2026-02-05,31801.27,202602,31907,105.73,0.332,,,,202603,31959,157.73
2026-02-06,31782.92,202602,31807,24.08,0.076,,,,202603,31851,68.08
2026-02-09,32404.62,202602,32651,246.38,0.76,,,,202603,32710,305.38
2026-02-10,33072.97,202602,33307,234.03,0.708,,,,202603,33444,371.03
2026-02-11,33605.71,202602,33691,85.29,0.254,,,,202603,33849,243.29
2026-02-23,33773.26,202603,33961,187.74,0.556,,,,202604,34080,306.74
2026-02-24,34700.82,202603,34827,126.18,0.364,,,,202604,34921,220.18
2026-02-25,35413.07,202603,35490,76.93,0.217,,,,202604,35587,173.93
2026-02-26,35414.49,202603,35604,189.51,0.535,,,,202604,35715,300.51
2026-03-02,35095.09,202603,35232,136.91,0.39,,,,202604,35348,252.91
2026-03-03,34323.65,202603,34325,1.35,0.004,,,,202604,34446,122.35
2026-03-04,32828.88,202603,32834,5.12,0.016,,,,202604,32950,121.12
2026-03-05,33672.94,202603,33639,-33.94,-0.101,,,,202604,33746,73.06
2026-03-06,33599.54,202603,33704,104.46,0.311,,,,202604,33794,194.46
2026-03-09,32110.42,202603,31786,-324.42,-1.01,,,,202604,31880,-230.42
2026-03-10,32771.87,202603,32696,-75.87,-0.232,,,,202604,32771,-0.87
2026-03-11,34114.19,202603,33985,-129.19,-0.379,,,,202604,34092,-22.19
2026-03-12,33581.86,202603,33530,-51.86,-0.154,,,,202604,33622,40.14
2026-03-13,33400.32,202603,33315,-85.32,-0.255,,,,202604,33416,15.68
2026-03-16,33342.51,202603,33250,-92.51,-0.277,,,,202604,33373,30.49
2026-03-17,33836.57,202603,33795,-41.57,-0.123,,,,202604,33910,73.43
2026-03-18,34348.58,202604,34551,202.42,0.589,,,,202605,34652,303.42
2026-03-19,33689.68,202604,33553,-136.68,-0.406,,,,202605,33655,-34.68
2026-03-20,33543.88,202604,33559,15.12,0.045,,,,202605,33658,114.12
2026-03-23,32722.5,202604,32532,-190.5,-0.582,,,,202605,32630,-92.5
2026-03-24,32612.24,202604,32771,158.76,0.487,,,,202605,32870,257.76
2026-03-25,33439.11,202604,33638,198.89,0.595,,,,202605,33733,293.89
2026-03-26,33337.62,202604,33440,102.38,0.307,,,,202605,33558,220.38
2026-03-27,33112.59,202604,33120,7.41,0.022,,,,202605,33250,137.41
2026-03-30,32518.16,202604,32468,-50.16,-0.154,,,,202605,32591,72.84
2026-03-31,31722.99,202604,31979,256.01,0.807,,,,202605,32105,382.01
2026-04-01,33174.82,202604,33402,227.18,0.685,,,,202605,33528,353.18
2026-04-02,32572.43,202604,32487,-85.43,-0.262,,,,202605,32632,59.57
2026-04-07,33229.82,202604,33159,-70.82,-0.213,,,,202605,33287,57.18
2026-04-08,34761.38,202604,34996,234.62,0.675,,,,202605,35122,360.62
2026-04-09,34861.16,202604,34932,70.84,0.203,,,,202605,35055,193.84
2026-04-10,35417.83,202604,35567,149.17,0.421,,,,202605,35697,279.17
2026-04-13,35457.29,202604,35457,-0.29,-0.001,,,,202605,35652,194.71
2026-04-14,36296.12,202604,36381,84.88,0.234,,,,202605,36639,342.88
2026-04-15,36722.14,202605,36977,254.86,0.694,,,,202606,37073,350.86
2026-04-16,37132.02,202605,37645,512.98,1.382,,,,202606,37744,611.98
2026-04-17,36804.34,202605,37083,278.66,0.757,,,,202606,37151,346.66
2026-04-20,36958.8,202605,37254,295.2,0.799,,,,202606,37349,390.2
2026-04-21,37605.11,202605,38048,442.89,1.178,,,,202606,38132,526.89
2026-04-22,37878.47,202605,38206,327.53,0.865,,,,202606,38288,409.53
2026-04-23,37714.15,202605,37875,160.85,0.426,,,,202606,37972,257.85
2026-04-24,38932.4,202605,39224,291.6,0.749,,,,202606,39309,376.6
2026-04-27,39616.63,202605,39888,271.37,0.685,,,,202606,39982,365.37
2026-04-28,39521.73,202605,39749,227.27,0.575,,,,202606,39815,293.27
2026-04-29,39303.5,202605,39490,186.5,0.475,,,,202606,39550,246.5
2026-04-30,38926.63,202605,39360,433.37,1.113,,,,202606,39424,497.37
2026-05-04,40705.14,202605,41031,325.86,0.801,,,,202606,41126,420.86
2026-05-05,40769.29,202605,41035,265.71,0.652,,,,202606,41133,363.71
2026-05-06,41138.85,202605,41503,364.15,0.885,,,,202606,41625,486.15
2026-05-07,41933.78,202605,42340,406.22,0.969,,,,202606,42477,543.22
2026-05-08,41603.94,202605,41937,333.06,0.801,,,,202606,42068,464.06
2026-05-11,41790.06,202605,41945,154.94,0.371,,,,202606,42074,283.94
2026-05-12,41898.32,202605,41695,-203.32,-0.485,,,,202606,41818,-80.32
2026-05-13,41374.5,202605,41469,94.5,0.228,,,,202606,41563,188.5
2026-05-14,41751.75,202605,41602,-149.75,-0.359,,,,202606,41727,-24.75
2026-05-15,41172.36,202605,41012,-160.36,-0.389,,,,202606,41183,10.64
2026-05-18,40891.82,202605,40807,-84.82,-0.207,,,,202606,40965,73.18
2026-05-19,40175.56,202605,40248,72.44,0.18,,,,202606,40383,207.44
2026-05-20,40020.82,202606,40134,113.18,0.283,,,,202607,40166,145.18
2026-05-21,41368.21,202606,41473,104.79,0.253,,,,202607,41474,105.79
2026-05-22,42267.97,202606,42442,174.03,0.412,,,,202607,42456,188.03
2026-05-25,43644.4,202606,43877,232.6,0.533,,,,202607,43863,218.6
2026-05-26,43525.37,202606,43893,367.63,0.845,,,,202607,43890,364.63
2026-05-27,44256.8,202606,44798,541.2,1.223,,,,202607,44800,543.2
2026-05-28,43636.44,202606,43842,205.56,0.471,,,,202607,43865,228.56
2026-05-29,44732.94,202606,45285,552.06,1.234,,,,202607,45300,567.06
2026-06-01,45337.91,202606,46035,697.09,1.538,,,,202607,46059,721.09
2026-06-02,45557.31,202606,46087,529.69,1.163,,,,202607,46105,547.69
2026-06-03,46459.16,202606,46868,408.84,0.88,,,,202607,46893,433.84
2026-06-04,45677.46,202606,46294,616.54,1.35,,,,202607,46356,678.54
2026-06-05,45070.94,202606,45211,140.06,0.311,,,,202607,45284,213.06
2026-06-08,43502.78,202606,43080,-422.78,-0.972,,,,202607,43107,-395.78
2026-06-09,44704.44,202606,44665,-39.44,-0.088,,,,202607,44729,24.56
2026-06-10,43225.54,202606,43422,196.46,0.454,,,,202607,43457,231.46
2026-06-11,43149.46,202606,43241,91.54,0.212,,,,202607,43303,153.54
2026-06-12,44169.04,202606,44188,18.96,0.043,,,,202607,44314,144.96
2026-06-15,45396.99,202606,45580,183.01,0.403,,,,202607,45817,420.01
2026-06-16,45809.19,202606,45772,-37.19,-0.081,,,,202607,45849,39.81
2026-06-17,45877.39,202607,46031,153.61,0.335,,,,202608,46249,371.61
2026-06-18,46465.2,202607,46769,303.8,0.654,,,,202608,47002,536.8
2026-06-22,47741.51,202607,48413,671.49,1.407,,,,202608,48660,918.49
2026-06-23,47100.65,202607,47436,335.35,0.712,,,,202608,47730,629.35
2026-06-24,46043.6,202607,46387,343.4,0.746,,,,202608,46654,610.4
2026-06-25,46255.26,202607,46544,288.74,0.624,,,,202608,46783,527.74
2026-06-26,44571.76,202607,44373,-198.76,-0.446,,,,202608,44665,93.24
2026-06-29,44999.9,202607,45550,550.1,1.222,,,,202608,45803,803.1
2026-06-30,46125.91,202607,46730,604.09,1.31,,,,202608,46948,822.09
2026-07-01,47018.99,202607,47231,212.01,0.451,,,,202608,47412,393.01
2026-07-02,46744.16,202607,46599,-145.16,-0.311,,,,202608,46816,71.84
2026-07-03,46780.62,202607,46966,185.38,0.396,,,,202608,47181,400.38
2026-07-06,46556.39,202607,46886,329.61,0.708,,,,202608,47131,574.61
2026-07-07,45479.11,202607,45775,295.89,0.651,,,,202608,45982,502.89
2026-07-08,45734.41,202607,45564,-170.41,-0.373,,,,202608,45824,89.59
2026-07-09,45354.61,202607,45678,323.39,0.713,,,,202608,45987,632.39
2026-07-13,45380.52,202607,45617,236.48,0.521,,,,202608,45980,599.48
2026-07-14,44737.95,202607,44815,77.05,0.172,,,,202608,45135,397.05
2026-07-15,45631.59,202608,46050,418.41,0.917,,,,202609,46277,645.41
2026-07-16,45624.98,202608,45700,75.02,0.164,,,,202609,45949,324.02
2026-07-17,42671.27,202608,42725,53.73,0.126,,,,202609,42975,303.73
2026-07-20,42449.7,202608,42641,191.3,0.451,,,,202609,42898,448.3
2026-07-21,44232.87,202608,44377,144.13,0.326,,,,202609,44597,364.13
2026-07-22,44825.78,202608,44631,-194.78,-0.435,,,,202609,44916,90.22
2026-07-23,44850.81,202608,44930,79.19,0.177,,,,202609,45101,250.19
2026-07-24,43654.84,202608,43905,250.16,0.573,,,,202609,44074,419.16
2026-07-27,43634.19,202608,43907,272.81,0.625,,,,202609,44040,405.81
2026-07-28,41603.36,202608,41613,9.64,0.023,,,,202609,41748,144.64
2026-07-29,40039.18,202608,40392,352.82,0.881,,,,202609,40524,484.82
2026-07-30,39933.3,202608,40270,336.7,0.843,,,,202609,40416,482.7
2026-07-31,43119.75,202608,43678,558.25,1.295,,,,202609,43836,716.25
2026-08-03,43386.41,202608,43230,-156.41,-0.361,,,,202609,43388,1.59
2026-08-04,43360.66,202608,43357,-3.66,-0.008,,,,202609,43474,113.34
2026-08-05,44611.6,202608,44514,-97.6,-0.219,,,,202609,44624,12.4
2026-08-06,44396.7,202608,44280,-116.7,-0.263,,,,202609,44300,-96.7
2026-08-07,44225.91,202608,44349,123.09,0.278,,,,202609,44438,212.09
2026-08-10,44928.76,202608,44987,58.24,0.13,,,,202609,45113,184.24
2026-08-11,45120.72,202608,45090,-30.72,-0.068,,,,202609,45215,94.28
2026-08-12,45518.07,202608,45528,9.93,0.022,,,,202609,45673,154.93
2026-08-13,46021.48,202608,46005,-16.48,-0.036,,,,202609,46174,152.52
2026-08-14,45811.01,202608,45841,29.99,0.065,,,,202609,45972,160.99
2026-08-17,45857.27,202608,45888,30.73,0.067,,,,202609,46033,175.73
2026-08-18,45308.68,202608,45085,-223.68,-0.494,,,,202609,45166,-142.68
2026-08-19,44719.35,202609,44528,-191.35,-0.428,,,,202610,44665,-54.35
2026-08-20,44933.74,202609,44868,-65.74,-0.146,,,,202610,45029,95.26
2026-08-21,45224.29,202609,45148,-76.29,-0.169,45104,-120.29,-0.266,202610,45280,55.71
2026-08-24,44762.32,202609,44762,-0.32,-0.001,44718,-44.32,-0.099,202610,44900,137.68
2026-08-25,45169.46,202609,45027,-142.46,-0.315,45049,-120.46,-0.267,202610,45226,56.54
2026-08-26,45832.62,202609,46011,178.38,0.389,45887,54.38,0.119,202610,46146,313.38
2026-08-27,45975.22,202609,46078,102.78,0.224,46063,87.78,0.191,202610,46258,282.78
2026-08-28,46331.45,202609,46357,25.55,0.055,46346,14.55,0.031,202610,46502,170.55
2026-08-31,46128.47,202609,45983,-145.47,-0.315,46029,-99.47,-0.216,202610,46116,-12.47
2026-09-01,46948.72,202609,47209,260.28,0.554,47045,96.28,0.205,202610,47364,415.28
2026-09-02,46164.72,202609,46189,24.28,0.053,46213,48.28,0.105,202610,46365,200.28
2026-09-03,45857.66,202609,45837,-20.66,-0.045,45816,-41.66,-0.091,202610,45997,139.34
2026-09-04,46551.13,202609,46704,152.87,0.328,46684,132.87,0.285,202610,46886,334.87
2026-09-07,47326.27,202609,47470,143.73,0.304,47468,141.73,0.299,202610,47667,340.73
2026-09-08,47105.78,202609,46980,-125.78,-0.267,47080,-25.78,-0.055,202610,47150,44.22
2026-09-09,47183.36,202609,47187,3.64,0.008,47173,-10.36,-0.022,202610,47358,174.64
2026-09-10,46940.49,202609,46870,-70.49,-0.15,46918,-22.49,-0.048,202610,47050,109.51
2026-09-11,46184.85,202609,46218,33.15,0.072,46088,-96.85,-0.21,202610,46380,195.15
2026-09-14,45862.52,202609,45780,-82.52,-0.18,45827,-35.52,-0.077,202610,45902,39.48
2026-09-15,45511.49,202609,45607,95.51,0.21,45562,50.51,0.111,202610,45740,228.51
2026-09-16,45848.9,202610,46078,229.1,0.5,46005,156.1,0.34,202611,46200,351.1
2026-09-17,46288,202610,46445,157,0.339,46534,246,0.531,202611,46613,325
2026-09-18,47180.75,202610,47418,237.25,0.503,47377,196.25,0.416,202611,47581,400.25
2026-09-21,47718.84,202610,48077,358.16,0.751,47988,269.16,0.564,202611,48205,486.16
2026-09-22,47800.17,202610,48243,442.83,0.926,48107,306.83,0.642,202611,48395,594.83
2026-09-23,48157.29,202610,48336,178.71,0.371,48299,141.71,0.294,202611,48508,350.71
2026-09-24,48024.6,202610,48123,98.4,0.205,48218,193.4,0.403,202611,48258,233.4
2026-09-29,47631.96,202610,47767,135.04,0.284,47776,144.04,0.302,202611,47930,298.04
2026-09-30,47940.13,202610,48330,389.87,0.813,48290,349.87,0.73,202611,48494,553.87
2026-10-01,48353.49,202610,48685,331.51,0.686,48709,355.51,0.735,202611,48858,504.51
2026-10-02,48475.74,202610,48671,195.26,0.403,48690,214.26,0.442,202611,48841,365.26
