日期,大台近月,大台近月結算,結算漲跌,大台近月未平倉,外資台指期淨未平倉,投信台指期淨未平倉,自營台指期淨未平倉,外資買權淨未平倉,外資賣權淨未平倉,十大特定法人台指近月淨部位,散戶多空比_小台(%),散戶多空比_微台(%),PC未平倉比(%),月選未平倉最多_買權履約價,月選未平倉最多_賣權履約價
2026-05-25,202606,43870,,86161,-51458,43018,1728,3224,5433,-2617,20.35,12.34,148.71,45000,20200
2026-05-26,202606,43864,-6,87668,-54391,43336,1993,3321,7043,-6179,34.58,30.3,125.76,45000,20200
2026-05-27,202606,44794,930,88791,-56302,45273,1661,1213,4136,-6469,22.34,15.04,184.57,45000,20200
2026-05-28,202606,43839,-955,92824,-58196,44767,3884,1554,6343,-7587,26.11,42.18,127.81,46000,20200
2026-05-29,202606,45315,1476,91961,-60650,46926,2074,2372,5043,-8017,22.23,13.09,222.36,45000,20200
2026-06-01,202606,46041,726,94962,-64673,48419,2456,3596,6817,-10731,30.23,16.17,171.12,46000,20200
2026-06-02,202606,46103,62,96365,-67018,49765,2564,3600,7454,-11318,35.5,31.81,142.84,46000,20200
2026-06-03,202606,46857,754,96784,-66772,51304,2474,2667,7029,-9982,27.06,17.03,217.69,46000,20200
2026-06-04,202606,46310,-547,98581,-69476,51858,3219,1961,7841,-10330,36.77,40.19,140.41,50000,20200
2026-06-05,202606,45226,-1084,96005,-69146,52160,4807,2414,6491,-11879,37.22,54.06,189.66,50000,20200
2026-06-08,202606,43083,-2143,91436,-65501,53874,5446,2512,6577,-6754,25.06,51.12,126.75,52000,20200
2026-06-09,202606,44677,1594,86704,-61871,55253,4077,4377,8993,-2574,25.74,31.83,133.64,52000,20200
2026-06-10,202606,43367,-1310,82895,-61949,54186,4853,2935,6363,-942,17.87,36.83,166.01,52000,20200
2026-06-11,202606,43219,-148,77902,-63168,55312,4155,2588,5413,-1910,26.95,39.49,133.33,52000,20200
2026-06-12,202606,44217,998,71366,-65039,57111,3568,2347,5948,-1691,24.79,32.1,168.35,52000,20200
2026-06-15,202606,45597,1380,44213,-66734,57702,2618,3267,12682,-2307,35.68,25.18,172,49000,36000
2026-06-16,202606,45764,167,21508,-69847,56894,2219,3298,15591,-2382,38.52,29.21,164.48,49000,40000
2026-06-17,202606,0,-45764,10304,-67394,57083,72,-1227,1526,-9792,27.18,23.01,133.15,53500,35800
2026-06-18,202607,46752,741,92786,-68337,58597,63,-1470,3822,-8194,16.56,21.62,114.67,53500,35800
2026-06-22,202607,48428,1676,97365,-70290,61196,-563,-251,4558,-7492,8.11,1.68,147.65,53500,35800
2026-06-23,202607,47437,-991,100889,-76502,60180,930,1075,6772,-14975,29.47,40.6,98.99,50000,35800
2026-06-24,202607,46407,-1030,104070,-83605,60757,3277,-765,3981,-19187,20.14,56.48,134.59,50000,35800
2026-06-25,202607,46527,120,101138,-81051,60921,3003,-974,3916,-17631,15.44,56.88,114.57,50000,35800
2026-06-26,202607,44452,-2075,101073,-76391,61247,4641,-1022,4512,-10365,16.61,63.83,128.74,50000,35800
2026-06-29,202607,45556,1104,100919,-76627,62962,2415,9,4220,-9562,2.97,46.8,123.92,50000,35800
2026-06-30,202607,46779,1223,104145,-83063,66623,1571,1406,5759,-10760,6.47,36.06,134.93,50000,35800
2026-07-01,202607,47221,442,105030,-84168,67194,1592,-507,4775,-12677,7.69,37.61,142.03,50000,35800
2026-07-02,202607,46606,-615,104510,-84487,66410,3683,-661,5580,-10756,17.05,49.43,120.46,50000,35800
2026-07-03,202607,47000,394,103141,-81052,67213,3071,-641,6123,-6515,12.55,34.19,136.3,50000,35800
2026-07-06,202607,46874,-126,100870,-80087,67254,2670,194,7720,-5402,12.24,35.81,122.22,50000,35800
2026-07-07,202607,45695,-1179,100160,-80042,68187,3793,680,10193,-4324,16.55,51.12,98.68,50000,35800
2026-07-08,202607,45563,-132,96273,-81268,69987,3311,599,6836,-3094,21.07,49.66,129.81,50000,40000
2026-07-09,202607,45648,85,91340,-80730,71689,2243,193,9728,-59,10.72,41.59,118.81,50000,40000
2026-07-13,202607,45565,-83,53129,-81066,71794,1270,1159,9703,-6484,3.07,39.16,124.42,50000,40000
2026-07-14,202607,44790,-775,20062,-83390,73873,2352,2333,13201,-4058,15.82,49.26,99.31,47000,40000
2026-07-15,202607,0,-44790,10992,-79557,75646,-664,-1620,3139,6182,20.18,29.25,103.58,50000,37200
2026-07-16,202608,45691,-375,106669,-84453,76264,657,-1920,5086,1591,30.71,59.78,93.37,50000,37200
2026-07-17,202608,42604,-3087,110864,-86189,75215,4666,-1111,3341,-2512,28.2,74.38,92.94,50000,37200
2026-07-20,202608,42662,58,107003,-78337,72446,2974,-606,3308,2250,28.33,63.72,82.72,42000,37200
2026-07-21,202608,44375,1713,106920,-78490,75570,1203,915,6770,6871,13.9,36.55,106.32,55000,34000
2026-07-22,202608,44645,270,103996,-76595,75623,1139,417,2735,6671,22.15,25.92,118.24,55000,34000
2026-07-23,202608,44912,267,103097,-75198,75492,739,956,4059,9707,23.07,27.68,119.11,55000,34000
2026-07-24,202608,43814,-1098,102415,-76260,73838,2258,623,2976,9435,36.92,51.84,112.7,55000,34000
2026-07-27,202608,43880,66,103970,-78699,74111,1891,1433,4681,6168,30.18,53.67,109.84,55000,34000
2026-07-28,202608,41573,-2307,104993,-82255,74886,2588,2296,6025,2056,29.12,72.39,89.37,55000,34000
2026-07-29,202608,40328,-1245,108507,-82785,74742,2552,239,3658,-686,17.21,72.47,84.29,55000,34000
2026-07-30,202608,40286,-42,108640,-81017,75857,1996,202,3231,3337,10.22,64.46,79.43,55000,34000
2026-07-31,202608,43727,3441,111302,-82515,85325,-2377,1283,3423,12175,22,25.39,107.27,55000,34000
2026-08-03,202608,43219,-508,109589,-90038,83900,718,1677,5675,2359,19.54,44.21,97.66,55000,34000
2026-08-04,202608,43344,125,106602,-87858,82548,2356,2315,8990,4161,11.47,36.1,102.56,55000,34000
2026-08-05,202608,44537,1193,106247,-87199,84575,1311,1741,1421,6110,19.2,20.77,111.87,55000,34000
2026-08-06,202608,44258,-279,106827,-89383,84163,2602,2652,3772,5766,32.3,37.16,109.77,55000,34000
2026-08-07,202608,44297,39,102679,-87911,83077,2512,2426,2507,5036,27.38,31.81,106.42,55000,34000
2026-08-10,202608,44990,693,101913,-89201,83751,1679,3337,4691,4520,28.44,29.12,117.38,55000,34000
2026-08-11,202608,45085,95,99034,-88924,83418,1899,3395,5799,3557,27.99,24,123.58,55000,34000
2026-08-12,202608,45516,431,95311,-86633,82383,1239,3129,537,1842,20.44,12.25,106.06,55000,34000
2026-08-13,202608,46025,509,92571,-86249,82327,472,3879,1077,1702,22.9,15.58,112.03,55000,34000
2026-08-14,202608,45812,-213,84339,-85179,80335,1464,1824,1273,-133,20.01,20.17,115,55000,34000
2026-08-17,202608,45867,55,51167,-83474,78013,1021,1549,3721,-2907,19.97,9.63,117.16,55000,34000
2026-08-18,202608,45088,-779,20738,-83078,76112,2566,2543,5613,-2463,26.19,31.1,104.64,48000,34000
2026-08-19,202608,0,-45088,11402,-81501,74789,2562,-2195,267,3074,26.19,36.34,102.27,50000,21800
2026-08-20,202609,44903,403,102620,-82423,75825,2019,-2102,-389,4422,31.01,37.53,99.37,50000,40000
2026-08-21,202609,45138,235,102342,-82594,76316,1699,-2939,76,4404,28.44,26.25,103.78,50000,40000
2026-08-24,202609,44740,-398,102558,-82529,75808,2315,-3199,605,4263,31.35,38.02,95.81,50000,40000
2026-08-25,202609,45032,292,102718,-85380,76309,2501,-2744,946,4506,16.91,30.56,101.99,50000,40000
2026-08-26,202609,46003,971,106112,-83654,78043,-421,-3301,21,9110,2.52,0.93,103.04,50000,40000
2026-08-27,202609,46064,61,104881,-84836,76834,376,-3493,485,6477,12.64,9.22,105.81,50000,40000
2026-08-28,202609,46357,293,105613,-83655,76752,657,-4281,92,6514,7.48,3.34,101.44,50000,40000
2026-08-31,202609,45977,-380,104409,-82970,75878,1609,-4183,335,7113,14.11,22.34,96.12,50000,40000
2026-09-01,202609,47201,1224,104368,-78706,76027,-990,-3438,1629,12345,-3.54,-17.22,110.04,50000,40000
2026-09-02,202609,46165,-1036,105419,-85329,75062,1109,-3692,26,5954,9.52,32.95,83.9,50000,40000
2026-09-03,202609,45819,-346,103513,-81575,74389,1134,-3254,51,9372,0.99,25.63,77.16,50000,40000
2026-09-04,202609,46709,890,104112,-82389,76174,-697,-3398,-560,9938,-7.81,14.47,99.8,50000,40000
2026-09-07,202609,47462,753,103693,-79399,75446,-2045,-2319,24,9726,-0.95,1.77,111.69,50000,40000
2026-09-08,202609,46955,-507,102168,-82262,74598,-180,-2442,3677,5635,11.57,22.74,105.23,50000,40000
2026-09-09,202609,47178,223,98469,-81066,74819,-376,-2204,665,6024,4.17,14.28,96.34,50000,40000
2026-09-10,202609,46869,-309,94990,-83918,74483,1379,-1959,1696,3543,5.73,35.68,82.67,50000,43000
2026-09-11,202609,46187,-682,88464,-85067,74687,2802,-2150,2181,1247,5.82,45.23,87.7,50000,43000
2026-09-14,202609,45777,-410,47416,-82658,74448,1960,-871,1964,-1790,-3.56,38.87,88.04,50000,43000
2026-09-15,202609,45592,-185,18797,-83223,72417,1579,-180,2805,-7900,-0.14,40.95,85.89,50000,45000
2026-09-16,202609,0,-45592,9684,-76351,73046,-175,-2161,1342,6929,11.65,11.69,83.56,47000,40000
2026-09-17,202610,46459,399,99476,-78674,74026,-687,-2108,2672,7446,26.17,14.54,76.5,47000,40000
2026-09-18,202610,47428,969,101893,-76110,75110,-3192,-2317,1072,10437,5.4,-17.96,76.32,50000,40000
2026-09-21,202610,48053,625,101502,-74081,74019,-3354,-1951,1832,10763,2.76,-26.36,96.2,50000,40000
2026-09-22,202610,48225,172,102946,-75568,73977,-3458,-1426,5455,8883,8.94,-6.68,87.33,50000,40000
2026-09-23,202610,48312,87,103311,-76084,73559,-3056,-1702,909,8107,12.59,-3.76,79.83,50000,40000
2026-09-24,202610,48125,-187,101311,-77031,72864,-1520,-1698,1645,7394,22.61,9.54,85.33,50000,40000
2026-09-29,202610,47781,-344,102023,-79029,72812,-488,-1501,576,4742,16.83,24.16,75.3,50000,40000
2026-09-30,202610,48330,549,105359,-78151,73839,-1070,-1241,670,6529,12.99,10.64,80.57,50000,40000
2026-10-01,202610,48698,368,107607,-79554,74615,-1440,-1020,994,4983,14.3,6.62,82.54,50000,40000
2026-10-02,202610,48669,-29,106691,-80304,74669,-1006,-1113,581,3777,16.96,13.4,80.84,50000,40000
